UHPI,PregnancyId
5569046,556904611-FEB-2014
5419874,541987410-JUL-2012
5054237,505423728-AUG-2011
5610865,561086514-APR-2014
5020670,502067005-SEP-2013
5617023,561702310-SEP-2014
5129404,512940428-DEC-2011
5615383,561538312-AUG-2014
5261628,526162823-MAY-2012
5007773,500777330-AUG-2013
5076679,507667927-APR-2011
5591163,559116304-MAR-2013
5054983,505498303-NOV-2014
5009593,500959305-SEP-2013
5488927,548892730-MAY-2013
5549838,554983803-DEC-2013
5087277,508727724-APR-2013
5319424,531942405-NOV-2014
5261152,526115221-JUL-2011
5281301,528130103-NOV-2011
5324806,532480610-DEC-2015
5283685,528368525-JUN-2012
5120082,512008215-DEC-2011
5275949,527594929-JAN-2013
5531663,553166316-JUL-2013
5531663,553166327-DEC-2012
5254558,525455802-OCT-2014
5254558,525455808-APR-2015
5254558,525455809-FEB-2012
5254558,525455824-JUL-2013
5034273,503427324-SEP-2012
5073856,507385622-SEP-2011
5326672,532667216-NOV-2011
5323499,532349924-OCT-2013
5608239,560823917-FEB-2014
5023041,502304116-FEB-2012
5516301,551630109-MAY-2012
5509619,550961912-OCT-2011
5615834,561583412-AUG-2014
5261099,526109902-SEP-2013
5277737,527773714-MAY-2013
5430553,543055322-AUG-2012
5258646,525864629-APR-2013
5023045,502304526-SEP-2013
5589727,558972731-OCT-2013
5069634,506963408-SEP-2011
5327649,532764920-SEP-2013
5022203,502220317-MAY-2011
5615268,561526805-AUG-2014
5589009,558900921-DEC-2012
5036601,503660123-OCT-2011
5025651,502565123-OCT-2013
5544878,554487804-APR-2011
5220843,522084324-SEP-2012
5096500,509650008-FEB-2013
5403101,540310124-JUN-2013
5025090,502509020-AUG-2012
5025090,502509023-JAN-2014
5322224,532222410-OCT-2013
5322224,532222422-SEP-2011
5009119,500911903-FEB-2014
5439049,543904908-MAY-2014
5609278,560927815-JUN-2014
5141501,514150112-AUG-2014
5141501,514150124-JUN-2015
5065201,506520125-AUG-2011
5026315,502631529-JAN-2013
5026315,502631530-AUG-2013
5379764,537976420-OCT-2014
5432619,543261916-AUG-2011
5432619,543261920-SEP-2012
5604591,560459106-JAN-2015
5292396,529239614-MAY-2013
5144289,514428917-JAN-2014
5413302,541330209-FEB-2012
5454945,545494520-MAY-2013
5585145,558514507-MAY-2014
5149482,514948211-JUL-2012
5149482,514948215-JAN-2013
5078147,507814719-JUL-2011
5313472,531347216-JUL-2014
5554315,555431530-AUG-2011
5598460,559846009-JUL-2013
5598460,559846026-NOV-2013
5465208,546520820-SEP-2012
5027008,502700806-OCT-2011
5040210,504021003-APR-2013
5135850,513585003-MAR-2014
5557578,555757813-OCT-2011
5536485,553648503-JUL-2012
5017568,501756806-FEB-2013
5526180,552618007-FEB-2014
5526180,552618013-JUL-2011
5526180,552618020-NOV-2012
5526180,552618029-JUL-2013
5323173,532317314-FEB-2013
5615226,561522622-AUG-2014
5208225,520822527-MAY-2011
5563712,556371224-OCT-2013
5110413,511041308-NOV-2011
5304350,530435007-SEP-2011
5064956,506495631-MAY-2012
5094370,509437011-OCT-2011
5128326,512832630-MAY-2011
5025478,502547803-JAN-2014
5277696,527769611-AUG-2015
5277696,527769626-APR-2011
5258705,525870515-JUL-2013
5432933,543293304-JUN-2013
5020700,502070025-MAR-2014
5129356,512935611-NOV-2014
5143623,514362324-APR-2013
5608970,560897007-APR-2014
5523951,552395128-AUG-2014
5178871,517887130-NOV-2011
5125314,512531430-DEC-2013
5052315,505231517-JUN-2015
5152005,515200519-MAR-2014
5026409,502640918-NOV-2013
5112999,511299903-JAN-2013
5033988,503398820-FEB-2012
5051156,505115628-JUN-2012
5607212,560721229-JAN-2014
5002998,500299804-AUG-2015
5551963,555196304-JUL-2011
5136664,513666423-JUL-2014
5126807,512680725-JAN-2012
5527737,552773703-OCT-2012
5461358,546135819-JUL-2011
5094456,509445616-JAN-2013
5094456,509445620-JAN-2014
5337567,533756730-AUG-2013
5608848,560884808-JAN-2015
5411117,541111712-NOV-2013
5411117,541111727-OCT-2015
5607976,560797617-FEB-2014
5052917,505291721-JUN-2012
5084116,508411605-SEP-2011
5084116,508411614-AUG-2012
5084116,508411627-NOV-2012
5107090,510709013-DEC-2012
5066014,506601403-JAN-2013
5580985,558098517-FEB-2014
5580985,558098523-JUL-2012
5069926,506992618-JAN-2012
5614472,561447203-JUL-2014
5051054,505105404-OCT-2012
5063148,506314812-JAN-2012
5132546,513254619-MAR-2013
5606962,560696218-MAR-2014
5009153,500915328-DEC-2012
5009153,500915331-AUG-2011
5126551,512655126-SEP-2013
5318987,531898721-NOV-2012
5014100,501410015-FEB-2013
5103666,510366618-JUN-2012
5062048,506204803-NOV-2014
5163548,516354803-JAN-2012
5102707,510270714-DEC-2011
5102707,510270721-MAR-2014
5075078,507507830-OCT-2013
5102749,510274905-MAR-2014
5102749,510274914-FEB-2012
5082001,508200113-JUN-2012
5037287,503728703-JUN-2013
5047623,504762325-MAR-2013
5563477,556347710-OCT-2014
5563477,556347723-JAN-2012
5063973,506397301-NOV-2014
5063973,506397330-OCT-2013
5593148,559314820-MAR-2013
5063904,506390409-JUN-2011
5067963,506796311-NOV-2013
5487432,548743211-SEP-2015
5487432,548743222-JAN-2013
5544016,554401623-JAN-2014
5143395,514339523-APR-2012
5143395,514339529-DEC-2014
5113031,511303118-DEC-2012
5259853,525985322-NOV-2011
5059677,505967730-MAY-2012
5592772,559277203-APR-2013
5603192,560319224-OCT-2013
5608830,560883024-FEB-2014
5565949,556594920-SEP-2012
5024642,502464210-MAY-2012
5624696,562469617-FEB-2015
5318845,531884507-NOV-2013
5416242,541624228-MAY-2012
5416242,541624230-JAN-2012
5581077,558107706-SEP-2012
5098198,509819807-JUL-2014
5036637,503663722-JUL-2013
5067723,506772326-JUN-2013
5308223,530822317-JUN-2011
5061412,506141214-APR-2015
5265397,526539716-AUG-2012
5265397,526539725-SEP-2013
5010042,501004203-JUL-2013
5010042,501004205-OCT-2011
5608358,560835815-FEB-2014
5536140,553614019-MAR-2013
5437167,543716711-DEC-2014
5437167,543716715-JUL-2014
5094952,509495222-APR-2013
5455671,545567108-AUG-2011
5113978,511397817-JUL-2014
5583149,558314904-SEP-2012
5591287,559128718-JUL-2013
5591287,559128727-JUL-2015
5564381,556438113-FEB-2012
5021591,502159117-OCT-2014
5021591,502159124-AUG-2015
5477727,547772702-JUL-2012
5604615,560461523-NOV-2013
5134118,513411805-NOV-2013
5244701,524470114-OCT-2014
5279249,527924924-DEC-2012
5279249,527924931-OCT-2011
5085062,508506219-MAR-2014
5065192,506519204-SEP-2014
5601226,560122610-SEP-2013
5118608,511860801-FEB-2013
5146942,514694213-SEP-2012
5192928,519292817-MAY-2011
5149998,514999819-NOV-2012
5113927,511392709-APR-2014
5275136,527513608-NOV-2011
5088046,508804609-AUG-2013
5050154,505015407-JUN-2011
5050154,505015410-JAN-2014
5383111,538311129-NOV-2011
5383111,538311130-APR-2015
5057032,505703216-JAN-2012
5057032,505703220-JAN-2014
5457988,545798819-APR-2013
5392070,539207004-APR-2013
5019093,501909317-JUL-2012
5256184,525618410-JAN-2012
5516374,551637421-JUL-2011
5622105,562210518-NOV-2015
5447544,544754429-MAY-2015
5410054,541005405-JAN-2015
5402305,540230507-MAR-2014
5105523,510552313-AUG-2012
5097698,509769808-MAY-2014
5114251,511425116-FEB-2012
5549554,554955410-SEP-2014
5549554,554955420-SEP-2011
5549554,554955421-FEB-2013
5286749,528674903-JUN-2013
5351909,535190903-JUL-2015
5351909,535190904-MAY-2012
5018013,501801307-MAY-2013
5082282,508228202-MAY-2013
5082282,508228227-OCT-2011
5569970,556997009-JUL-2012
5108316,510831619-APR-2011
5596425,559642505-JUN-2013
5066795,506679518-JUL-2011
5610674,561067411-APR-2014
5277214,527721427-FEB-2014
5044899,504489915-JUL-2014
5236308,523630815-MAY-2014
5236308,523630818-JUL-2013
5008698,500869802-AUG-2011
5547315,554731522-AUG-2011
5065782,506578208-OCT-2014
5516338,551633806-SEP-2012
5516338,551633819-APR-2011
5633914,563391408-SEP-2015
5084879,508487913-JUN-2013
5084879,508487925-NOV-2013
5110659,511065924-SEP-2012
5602171,560217130-SEP-2013
5107892,510789225-MAY-2013
5600776,560077625-AUG-2013
5106445,510644510-JUL-2014
5257466,525746623-AUG-2013
5583899,558389919-SEP-2012
5583899,558389925-MAR-2014
5385490,538549010-FEB-2012
5385490,538549026-JAN-2015
5267668,526766801-NOV-2012
5267668,526766807-MAR-2014
5020108,502010823-OCT-2012
5135711,513571104-FEB-2013
5593725,559372523-MAY-2014
5046296,504629618-APR-2013
5473470,547347028-MAR-2013
5186599,518659920-DEC-2011
5615817,561581718-AUG-2014
5384586,538458625-AUG-2011
5590036,559003617-JAN-2013
5406864,540686412-DEC-2013
5007768,500776806-MAY-2014
5582322,558232214-NOV-2013
5582322,558232216-AUG-2012
5614122,561412226-JUN-2014
5037593,503759301-JUN-2011
5134463,513446325-AUG-2015
5298214,529821414-APR-2011
5592739,559273911-MAR-2013
5048252,504825202-SEP-2015
5105645,510564516-OCT-2013
5090074,509007420-JUN-2013
5088810,508881030-MAY-2013
5050242,505024205-JUL-2012
5071761,507176128-MAR-2012
5568489,556848909-OCT-2013
5568489,556848914-MAY-2014
5412635,541263505-FEB-2013
5083213,508321318-SEP-2015
5569664,556966425-JUL-2013
5048592,504859207-MAR-2013
5048592,504859213-JUN-2011
5081395,508139504-OCT-2011
5081395,508139527-FEB-2014
5582054,558205404-SEP-2014
5582054,558205414-AUG-2012
5120059,512005913-NOV-2013
5011584,501158403-JUL-2013
5118289,511828913-DEC-2012
5118289,511828915-SEP-2014
5535144,553514414-DEC-2011
5292495,529249514-MAY-2013
5432470,543247015-JAN-2013
5432470,543247023-DEC-2011
5034447,503444703-MAR-2015
5034447,503444717-FEB-2014
5254000,525400027-MAY-2014
5589436,558943622-APR-2014
5331548,533154807-SEP-2013
5126871,512687113-MAY-2011
5322363,532236323-FEB-2012
5569689,556968928-MAY-2012
5137880,513788022-NOV-2011
5315456,531545617-SEP-2013
5038825,503882530-SEP-2013
5607955,560795510-FEB-2014
5015510,501551002-NOV-2011
5563124,556312427-OCT-2014
5344539,534453903-MAY-2012
5344539,534453919-DEC-2011
5044700,504470019-MAR-2012
5423832,542383212-MAR-2012
5423832,542383221-JUN-2012
5556652,555665226-SEP-2011
5102439,510243919-OCT-2011
5152018,515201807-JAN-2014
5152018,515201820-AUG-2014
5557699,555769903-JUL-2015
5006999,500699914-MAR-2014
5491230,549123011-AUG-2011
5491230,549123021-JUN-2012
5432028,543202815-MAY-2014
5432028,543202820-JUL-2011
5054460,505446010-APR-2013
5054460,505446023-OCT-2014
5024283,502428304-AUG-2013
5585819,558581913-JUN-2013
5052792,505279203-JAN-2013
5254826,525482627-NOV-2013
5027525,502752501-AUG-2013
5501535,550153509-SEP-2013
5012033,501203319-NOV-2014
5496566,549656609-JUN-2011
5023945,502394516-JUL-2013
5041289,504128912-JUN-2012
5097229,509722917-MAY-2013
5562352,556235229-MAY-2013
5347100,534710025-JUN-2013
5583991,558399126-SEP-2013
5503142,550314210-JUN-2013
5053649,505364912-NOV-2012
5539707,553970711-FEB-2013
5539707,553970728-AUG-2012
5042972,504297222-AUG-2013
5471177,547117721-AUG-2012
5417716,541771601-OCT-2014
5417716,541771606-FEB-2013
5349182,534918228-FEB-2013
5589146,558914603-JUL-2014
5263549,526354919-JAN-2015
5588097,558809705-DEC-2012
5588097,558809717-JUL-2014
5588097,558809718-MAR-2014
5589133,558913327-DEC-2012
5001664,500166415-APR-2014
5512815,551281517-SEP-2013
5124973,512497305-MAY-2011
5406192,540619213-JUL-2015
5271441,527144111-JUN-2014
5083603,508360315-MAY-2014
5083603,508360319-MAR-2013
5129426,512942615-APR-2013
5516054,551605428-FEB-2013
5116378,511637830-SEP-2014
5070521,507052107-JUN-2012
5070521,507052130-JUN-2014
5517456,551745609-MAY-2011
5291173,529117304-FEB-2013
5350578,535057807-NOV-2012
5350578,535057817-JUN-2015
5257444,525744415-FEB-2012
5543220,554322013-AUG-2013
5264317,526431707-JAN-2015
5264317,526431716-APR-2013
5080413,508041316-AUG-2011
5544274,554427422-MAR-2012
5158564,515856430-MAY-2014
5521463,552146301-AUG-2011
5033913,503391302-FEB-2012
5025784,502578426-JUN-2013
5535294,553529404-OCT-2011
5273485,527348521-FEB-2012
5121424,512142402-APR-2013
5121424,512142409-SEP-2015
5085454,508545415-FEB-2013
5106528,510652822-JUN-2012
5076044,507604416-AUG-2011
5331831,533183107-JAN-2015
5331831,533183118-APR-2013
5056341,505634124-AUG-2015
5118295,511829503-JAN-2012
5554682,555468231-MAY-2012
5420694,542069422-MAR-2013
5617470,561747029-AUG-2014
5617429,561742927-AUG-2014
5299957,529995712-FEB-2013
5120795,512079508-AUG-2011
5120795,512079512-NOV-2012
5107884,510788409-OCT-2012
5107884,510788422-APR-2014
5451696,545169623-APR-2013
